{
  "dim": 20,
  "pitch": 0.4499807,
  "yaw": 178.50061,
  "xd": -0.6267241323349803,
  "yd": 35.0,
  "zd": -87.57935315045421
}