{
  "dim": 19,
  "pitch": 13.500022,
  "yaw": 196.35017,
  "xd": 0.5,
  "yd": 4.0,
  "zd": 0.5
}