{
  "dim": 11,
  "pitch": 1.6500573,
  "yaw": 105.90024,
  "xd": -436.71453594864676,
  "yd": 77.0,
  "zd": 123.41114879396011
}