{
  "dim": 14,
  "pitch": 18.899988,
  "yaw": 184.19998,
  "xd": -12.581386541710035,
  "yd": 5.0,
  "zd": 0.3626111624408449
}