{
  "dim": 17,
  "pitch": 1.6500033,
  "yaw": 180.45004,
  "xd": -98.93245771260435,
  "yd": 4.0,
  "zd": -198.8125920319588
}