{
  "dim": 13,
  "pitch": 16.199984,
  "yaw": 89.84979,
  "xd": -5.356065336523726,
  "yd": 5.0,
  "zd": -12.165732641191916
}