{
  "dim": 10,
  "pitch": 9.450011,
  "yaw": -40.49978,
  "xd": -0.5784891964107876,
  "yd": 5.0,
  "zd": -4.893894093072489
}