{
  "dim": 16,
  "pitch": 9.599956,
  "yaw": 14.562012,
  "xd": -18.004582652606704,
  "yd": 64.0,
  "zd": -304.97933293292584
}