{
  "dim": 12,
  "pitch": 23.400038,
  "yaw": 153.75073,
  "xd": -7.321569389074779,
  "yd": 5.0,
  "zd": -10.976599394594647
}