{
  "dim": 18,
  "pitch": 9.299967,
  "yaw": 172.962,
  "xd": -28.24715335081798,
  "yd": 5.0,
  "zd": -315.63926532431435
}