{
  "dim": 0,
  "pitch": 5.249985,
  "yaw": 359.24927,
  "xd": -93.2107480263215,
  "yd": 67.0,
  "zd": -172.64501764232136
}