{
  "dim": 15,
  "pitch": 7.2000327,
  "yaw": 244.1997,
  "xd": 1032.7536362999654,
  "yd": 101.0,
  "zd": -1022.8344082032347
}